article_id,author,category_tag,collected_at,content,keywords,published_at,site_name,source_url,summary,title
34bce4f0c2e74600b09bf773aaefd63f,柯弈电商服务,选品建议,2026-04-27T09:25:31.232538,"很多 Ozon 卖家都把目光死死盯在 俄罗斯 市场，却不知道平台早已悄悄解锁了哈萨克斯坦、乌兹别克斯坦、白俄罗斯等 6 大潜力市场!这些地区电商渗透率持续飙升，竞争压力远小于俄罗斯，只要产品选对、利润算准，分分钟就能抢占新商机～
其实开通这些市场的操作超简单，全程在后台就能完成，所有国家流程统一，新手也能轻松上手!
3 步解锁 6 大市场，操作零门槛
Step1：创建目标国专属仓库
登录 Ozon 卖家后台，新建仓库时直接以目标国家命名(比如 “哈萨克斯坦仓库”)，清晰区分不同市场库存。填写完仓库基础信息后，就能进入 物流 配置环节，不用额外提交资质审核哦～
Step2：匹配对应物流渠道
每个国家的物流偏好不同，比如哈萨克斯坦可选择 Ozon 认证的 UI 物流、易邮宝，或 菜鸟 国际 快递 (15 日达时效超稳)。建议优先选择平台认证物流商，不仅清关成功率高(部分渠道达 98%)，还能同步享受平台物流补贴政策。
Step3：关联商品 + 设置库存
在商品列表中勾选想拓展的产品，关联到刚创建的目标国仓库，填写可售数量即可。这里划重点：无需重新编辑商品信息，只要确保标题包含俄语 关键词 ，就能适配当地搜索习惯～
利润测算公式 + 避坑指南，避免白忙活
开通前最关键的一步：算清利润!Ozon 平台规定同一商品只能设置一个售价，无法按国家单独 定价 ，但不同国家的运费差异巨大，直接影响最终盈利。
核心利润公式(记牢不亏)
利润 = 售价 -(运费 + 平台佣金 + 商品采购成本 + 贴单费 + 其他固定成本)
其中运费是最大变量，像哈萨克斯坦物流费会根据配送方式(取货点 / 上门配送)和商品体积浮动，1 升内包裹 FBS 模式运费低至 750 坚戈(约合人民币 11 元)，而大件商品可能高达 3050 坚戈。其他成本如平台佣金(跨境卖家 rFBS 模式 6%-20%)、采购成本等均为固定值，不受国家影响。
实操案例参考
假设某家居产品售价 10000 卢布，采购成本 3000 卢布，平台佣金 15%(1500 卢布)，贴单费 + 固定成本 500 卢布：
发俄罗斯运费 800 卢布：利润 = 10000-(800+1500+3000+500)=4200 卢布
发哈萨克斯坦上门配送运费 1200 卢布：利润 = 10000-(1200+1500+3000+500)=3800 卢布(有盈利可开通)
发某偏远国家运费 3500 卢布：利润 = 10000-(3500+1500+3000+500)=1500 卢布(利润微薄可暂不开通)
2026 新规下的拓展建议
• 优先开通物流成熟的市场：哈萨克斯坦已上线 Ozon 自建物流综合体，覆盖全境且支持隔日达，是新手试水的最佳选择;
• 300 卢布以下商品狂喜：这类商品享受佣金豁免政策，搭配低成本物流(如燕文航空专线)，可批量开通多市场走量盈利;
• 大件商品选 FBO 模式：新规后 FBO 仓大件物流费直降 3-4 倍，开通多市场更具成本优势。
总的来说，只要测算后有合理利润空间，就可以大胆开通这些新市场!后台一键建仓、关联库存，当地买家马上就能搜到你的产品～ 如果某国运费过高导致亏损，暂缓开通即可，灵活调整不踩坑!","[""Ozon"", ""实操干货"", ""俄罗斯"", ""卢布"", ""利润"", ""很多"", ""斯坦"", ""物流""]",2026-04-16 15:51:54,出海网,https://www.chwang.com/article/204468519695,很多 Ozon 卖家都把目光死死盯在俄罗斯市场，却不知道平台早已悄悄解锁了哈萨克斯坦、乌兹别克斯坦、白俄罗斯等。,Ozon 卖家狂喜！除了俄罗斯，这 6 个蓝海市场 3 步就能开通！
